global_acc,global_loss,global_f1,global_precision,global_recall,global_auc,global_fpr
0.6313164893617021,0.6683652400970459,0.0,1.0,0.0,0.7163834033478775,1.0
0.6313164893617021,0.6562666296958923,0.0,1.0,0.0,0.781741707348227,1.0
0.6313164893617021,0.6440979838371277,0.0,1.0,0.0,0.8235436428740673,1.0
0.6313164893617021,0.6308736205101013,0.0,1.0,0.0,0.8546983344183332,1.0
0.6313164893617021,0.6153398752212524,0.0,1.0,0.0,0.8798010057972707,1.0
0.6313164893617021,0.5966423749923706,0.0,1.0,0.0,0.9000456317239722,1.0
0.6313164893617021,0.5740030407905579,0.0,1.0,0.0,0.9176444723647916,1.0
0.6313164893617021,0.547211766242981,0.0,1.0,0.0,0.9329204160891476,1.0
0.6316489361702128,0.5166270732879639,0.0018018018018018016,1.0,0.0009017132551848512,0.9456593119343815,0.9990982867448152
0.6585771276595744,0.4837023913860321,0.1376994122586062,1.0,0.0739404869251578,0.9586118839064364,0.9260595130748422
0.7652925531914894,0.4507921040058136,0.533068783068783,1.0,0.36339044183949504,0.9673844760020343,0.6366095581605049
0.8653590425531915,0.41867589950561523,0.777838727372463,0.9929971988795518,0.6393146979260595,0.9737154622218234,0.3606853020739405
0.898936170212766,0.3870881199836731,0.8424870466321243,0.9902557856272838,0.7330928764652841,0.980174654117705,0.26690712353471596
0.9192154255319149,0.35603129863739014,0.87856071964018,0.9854260089686099,0.7926059513074842,0.9835056275169266,0.2073940486925158
0.9368351063829787,0.32494986057281494,0.9081237911025144,0.9791449426485923,0.8467087466185753,0.9858104806715697,0.1532912533814247
0.9414893617021277,0.2941599488258362,0.9159503342884432,0.9736040609137055,0.8647430117222723,0.9869961457575078,0.13525698827772767
0.9468085106382979,0.2642756998538971,0.9248826291079812,0.9647404505386875,0.8881875563570785,0.987821885278712,0.11181244364292155
0.948470744680851,0.23615409433841705,0.9278734295020941,0.9586538461538462,0.8990081154192967,0.9886186598138358,0.10099188458070334
0.9498005319148937,0.21059750020503998,0.9299953639313863,0.9570610687022901,0.9044183949504058,0.989242119268316,0.09558160504959423
0.9511303191489362,0.18836569786071777,0.932289267618609,0.9529190207156308,0.9125338142470695,0.9898451607817886,0.08746618575293057
0.9521276595744681,0.16975577175617218,0.9338842975206613,0.9513564078578111,0.9170423805229937,0.9905949265690119,0.0829576194770063
0.9537898936170213,0.15456436574459076,0.9363844393592677,0.9507434944237918,0.9224526600541028,0.9911305413935767,0.0775473399458972
0.9574468085106383,0.14227476716041565,0.9418181818181818,0.9495875343721356,0.9341749323715058,0.9916476376204836,0.06582506762849413
0.9581117021276596,0.13224448263645172,0.9427272727272726,0.9505041246562786,0.9350766456266907,0.9920308301412495,0.06492335437330929
0.9601063829787234,0.12411204725503922,0.9456029011786039,0.95077484047402,0.9404869251577999,0.9924833486942728,0.059513074842200184
0.961436170212766,0.11738653481006622,0.947463768115942,0.9517743403093721,0.9431920649233544,0.9928171582879508,0.056807935076645624
0.961436170212766,0.11175548285245895,0.9474161378059837,0.9525979945305378,0.9422903516681695,0.9931191538805246,0.057709648331830475
0.9621010638297872,0.10699914395809174,0.9483695652173914,0.9526842584167425,0.9440937781785392,0.9934126024280255,0.05590622182146077
0.964095744680851,0.10288785398006439,0.9510426110607434,0.9562443026435734,0.9458972046889089,0.9935949393895795,0.05410279531109107
0.9664228723404256,0.09936276078224182,0.9542365201631173,0.9590163934426229,0.9495040577096483,0.9938010181430025,0.05049594229035167
0.9677526595744681,0.09632822126150131,0.9559691330004538,0.9625228519195612,0.9495040577096483,0.99393017349077,0.05049594229035167
0.96875,0.09367948770523071,0.957350272232305,0.9634703196347032,0.951307484220018,0.9941072872581126,0.04869251577998197
0.9697473404255319,0.09138979017734528,0.9587301587301588,0.9644160583941606,0.9531109107303878,0.9942274207249698,0.046889089269612265
0.9704122340425532,0.08931345492601395,0.959563834620627,0.967032967032967,0.9522091974752029,0.9943494535351766,0.047790802524797116
0.9707446808510638,0.08745428919792175,0.9600000000000001,0.9679193400549955,0.9522091974752029,0.9944890552713662,0.047790802524797116
0.9714095744680851,0.08580353856086731,0.96094459582198,0.9679780420860018,0.9540126239855726,0.9946044403798497,0.045987376014427414
0.9717420212765957,0.08432832360267639,0.9614162505674082,0.9680073126142597,0.9549143372407575,0.9946813637855053,0.04508566275924256
0.9730718085106383,0.08297622203826904,0.9631985461154021,0.9706959706959707,0.9558160504959423,0.9947981734015007,0.04418394950405771
0.9740691489361702,0.08169813454151154,0.9645454545454545,0.9725022914757103,0.9567177637511272,0.9948670245979209,0.04328223624887286
0.9747340425531915,0.08059578388929367,0.9654859218891917,0.9725526075022873,0.9585211902614968,0.9949942806023387,0.04147880973850315
0.9750664893617021,0.07944951206445694,0.9659245797364834,0.9734432234432234,0.9585211902614968,0.9950298932901422,0.04147880973850315
0.9750664893617021,0.07845640927553177,0.9659245797364834,0.9734432234432234,0.9585211902614968,0.9951049173524483,0.04147880973850315
0.9747340425531915,0.07754042744636536,0.9654545454545456,0.9734188817598534,0.957619477006312,0.9951751930563807,0.04238052299368801
0.9757313829787234,0.0767095610499382,0.9668633681343622,0.973491773308958,0.9603246167718665,0.9952649370296455,0.03967538322813345
0.976063829787234,0.07597427815198898,0.9673617407071623,0.9726526891522334,0.9621280432822362,0.9953299895393666,0.03787195671776375
0.9763962765957447,0.07514560222625732,0.9677712210621879,0.9744058500914077,0.9612263300270514,0.9953722499288933,0.0387736699729486
0.9767287234042553,0.07443057000637054,0.9682107175295187,0.9752973467520586,0.9612263300270514,0.9954159348259322,0.0387736699729486
0.977061170212766,0.07375790923833847,0.9686506133575646,0.9761904761904762,0.9612263300270514,0.9954558210362722,0.0387736699729486
0.977061170212766,0.07314100116491318,0.9686506133575646,0.9761904761904762,0.9612263300270514,0.9955161251876194,0.0387736699729486
0.9773936170212766,0.07252797484397888,0.969090909090909,0.9770852428964253,0.9612263300270514,0.9955659829505444,0.0387736699729486
0.9773936170212766,0.07198187708854675,0.969090909090909,0.9770852428964253,0.9612263300270514,0.9956001711308358,0.0387736699729486
0.9777260638297872,0.07145486772060394,0.969531605275125,0.9779816513761468,0.9612263300270514,0.9956490792220859,0.0387736699729486
0.9777260638297872,0.07089634239673615,0.969531605275125,0.9779816513761468,0.9612263300270514,0.9956571514313214,0.0387736699729486
0.9777260638297872,0.07043271511793137,0.969531605275125,0.9779816513761468,0.9612263300270514,0.9957150814034817,0.0387736699729486
0.9777260638297872,0.06994394212961197,0.969531605275125,0.9779816513761468,0.9612263300270514,0.9957203045976929,0.0387736699729486
0.9777260638297872,0.06963059306144714,0.969531605275125,0.9779816513761468,0.9612263300270514,0.9957877312866009,0.0387736699729486
0.9780585106382979,0.06912539154291153,0.97,0.9780018331805683,0.9621280432822362,0.9958000770183728,0.03787195671776375
0.9780585106382979,0.06874575465917587,0.97,0.9780018331805683,0.9621280432822362,0.9958323658553146,0.03787195671776375
0.9780585106382979,0.06837598979473114,0.97,0.9780018331805683,0.9621280432822362,0.9958618056772323,0.03787195671776375
0.9780585106382979,0.06808952242136002,0.97,0.9780018331805683,0.9621280432822362,0.9958950441858488,0.03787195671776375
0.9780585106382979,0.06767027825117111,0.97,0.9780018331805683,0.9621280432822362,0.9959130879476692,0.03787195671776375
0.9783909574468085,0.06741689890623093,0.9704411095952706,0.9788990825688073,0.9621280432822362,0.9959762411140409,0.03787195671776375
0.9787234042553191,0.06709031015634537,0.9708826205641492,0.9797979797979798,0.9621280432822362,0.9959876371741381,0.03787195671776375
0.9787234042553191,0.06684855371713638,0.9708826205641492,0.9797979797979798,0.9621280432822362,0.996011378966007,0.03787195671776375
0.9787234042553191,0.06655136495828629,0.9708826205641492,0.9797979797979798,0.9621280432822362,0.99602894789199,0.03787195671776375
0.9787234042553191,0.06627657264471054,0.9708826205641492,0.9797979797979798,0.9621280432822362,0.9960393942804124,0.03787195671776375
0.9787234042553191,0.06601756811141968,0.9708826205641492,0.9797979797979798,0.9621280432822362,0.996050315504672,0.03787195671776375
0.9790558510638298,0.06572292000055313,0.9713245334547109,0.9806985294117647,0.9621280432822362,0.9960417684595994,0.03787195671776375
0.9790558510638298,0.06549554318189621,0.9713245334547109,0.9806985294117647,0.9621280432822362,0.996078805654915,0.03787195671776375
0.9790558510638298,0.06532958894968033,0.9713245334547109,0.9806985294117647,0.9621280432822362,0.9961210660444418,0.03787195671776375
0.9790558510638298,0.06508027762174606,0.9713245334547109,0.9806985294117647,0.9621280432822362,0.996132462104539,0.03787195671776375
0.9793882978723404,0.06481555104255676,0.971766848816029,0.9816007359705612,0.9621280432822362,0.9961405343137744,0.03787195671776375
0.9790558510638298,0.06464506685733795,0.9713245334547109,0.9806985294117647,0.9621280432822362,0.9961685496281798,0.03787195671776375
0.9793882978723404,0.06444685906171799,0.9717925386715196,0.9807162534435262,0.9630297565374211,0.9961856437183255,0.0369702434625789
0.9800531914893617,0.06423268467187881,0.97270245677889,0.9816345270890725,0.9639314697926059,0.9961941907633984,0.03606853020739405
0.9810505319148937,0.06409701704978943,0.9741026805997275,0.9816849816849816,0.9666366095581606,0.9962184073911047,0.033363390441839495
0.980718085106383,0.06403058022260666,0.9736603088101726,0.9807868252516011,0.9666366095581606,0.9962454730338354,0.033363390441839495
0.9813829787234043,0.06386951357126236,0.9745916515426496,0.9808219178082191,0.9684400360685302,0.9962592432731193,0.031559963931469794
0.9810505319148937,0.0636930987238884,0.9741261915569679,0.9808043875685558,0.9675383228133454,0.996270164497379,0.032461677186654644
0.9810505319148937,0.06351277232170105,0.9741261915569679,0.9808043875685558,0.9675383228133454,0.9962393001679494,0.032461677186654644
0.9810505319148937,0.06341094523668289,0.9741261915569679,0.9808043875685558,0.9675383228133454,0.9962592432731194,0.032461677186654644
0.9810505319148937,0.06326065212488174,0.9741261915569679,0.9808043875685558,0.9675383228133454,0.9962663658106802,0.032461677186654644
0.9813829787234043,0.06311185657978058,0.974568574023615,0.9817017383348582,0.9675383228133454,0.9962806108858014,0.032461677186654644
0.9813829787234043,0.0630212128162384,0.974568574023615,0.9817017383348582,0.9675383228133454,0.9962991294834593,0.032461677186654644
0.9817154255319149,0.06287876516580582,0.9750113584734212,0.9826007326007326,0.9675383228133454,0.9963072016926948,0.032461677186654644
0.9813829787234043,0.0628073513507843,0.974568574023615,0.9817017383348582,0.9675383228133454,0.9963162235736052,0.032461677186654644
0.9813829787234043,0.06270163506269455,0.974568574023615,0.9817017383348582,0.9675383228133454,0.996362282649831,0.032461677186654644
0.9820478723404256,0.06268809735774994,0.9754990925589837,0.9817351598173516,0.9693417493237151,0.9963845999341878,0.030658250676284943
0.9817154255319149,0.062463607639074326,0.9750113584734212,0.9826007326007326,0.9675383228133454,0.996376052889115,0.032461677186654644
0.9817154255319149,0.062394242733716965,0.9750113584734212,0.9826007326007326,0.9675383228133454,0.9963879237850495,0.032461677186654644
0.9817154255319149,0.06232031434774399,0.9750113584734212,0.9826007326007326,0.9675383228133454,0.9964012191884961,0.032461677186654644
0.9813829787234043,0.06228111311793327,0.974568574023615,0.9817017383348582,0.9675383228133454,0.9964168887711297,0.032461677186654644
0.9820478723404256,0.062187813222408295,0.9754990925589837,0.9817351598173516,0.9693417493237151,0.996424960980365,0.030658250676284943
0.9823803191489362,0.062118709087371826,0.9759637188208617,0.9817518248175182,0.9702434625788999,0.9964287596670641,0.029756537421100092
0.9837101063829787,0.06210089847445488,0.977818017202354,0.9818181818181818,0.9738503155996393,0.9964529762947705,0.026149684400360685
0.9817154255319149,0.06191829964518547,0.9750113584734212,0.9826007326007326,0.9675383228133454,0.9964444292496976,0.032461677186654644
0.9837101063829787,0.06191277876496315,0.9777979157227006,0.982695810564663,0.9729486023444545,0.9964710200565909,0.027051397655545536
0.9837101063829787,0.06184939295053482,0.977818017202354,0.9818181818181818,0.9738503155996393,0.9964795671016637,0.026149684400360685
0.9840425531914894,0.06187216937541962,0.9782805429864253,0.9818346957311535,0.9747520288548241,0.9964919128334356,0.025247971145175834
0.9840425531914894,0.06205514073371887,0.9782805429864253,0.9818346957311535,0.9747520288548241,0.9965261010137272,0.025247971145175834
